[{"model": "admin.logentry", "pk": 1, "fields": {"action_time": "2025-05-11T20:38:13.138Z", "user": 1, "content_type": 7, "object_id": "1", "object_repr": "UserProfile object (1)", "action_flag": 1, "change_message": "[{\"added\": {}}]"}}, {"model": "admin.logentry", "pk": 2, "fields": {"action_time": "2025-05-12T18:29:13.511Z", "user": 1, "content_type": 7, "object_id": "1", "object_repr": "UserProfile object (1)", "action_flag": 2, "change_message": "[{\"changed\": {\"fields\": [\"Avatar\"]}}]"}}, {"model": "admin.logentry", "pk": 3, "fields": {"action_time": "2025-05-12T18:31:42.200Z", "user": 1, "content_type": 6, "object_id": "2", "object_repr": "tester", "action_flag": 1, "change_message": "[{\"added\": {}}]"}}, {"model": "admin.logentry", "pk": 4, "fields": {"action_time": "2025-05-12T18:31:57.364Z", "user": 1, "content_type": 7, "object_id": "2", "object_repr": "UserProfile object (2)", "action_flag": 1, "change_message": "[{\"added\": {}}]"}}, {"model": "admin.logentry", "pk": 5, "fields": {"action_time": "2025-05-12T18:36:32.584Z", "user": 1, "content_type": 7, "object_id": "2", "object_repr": "UserProfile object (2)", "action_flag": 2, "change_message": "[{\"changed\": {\"fields\": [\"Avatar\"]}}]"}}, {"model": "admin.logentry", "pk": 6, "fields": {"action_time": "2025-05-12T18:41:28.841Z", "user": 1, "content_type": 7, "object_id": "2", "object_repr": "UserProfile object (2)", "action_flag": 3, "change_message": ""}}, {"model": "admin.logentry", "pk": 7, "fields": {"action_time": "2025-05-12T18:41:51.427Z", "user": 1, "content_type": 7, "object_id": "3", "object_repr": "UserProfile object (3)", "action_flag": 1, "change_message": "[{\"added\": {}}]"}}, {"model": "admin.logentry", "pk": 8, "fields": {"action_time": "2025-05-12T18:43:27.102Z", "user": 1, "content_type": 7, "object_id": "3", "object_repr": "UserProfile object (3)", "action_flag": 3, "change_message": ""}}, {"model": "admin.logentry", "pk": 9, "fields": {"action_time": "2025-05-12T18:43:37.533Z", "user": 1, "content_type": 7, "object_id": "4", "object_repr": "UserProfile object (4)", "action_flag": 1, "change_message": "[{\"added\": {}}]"}}, {"model": "admin.logentry", "pk": 10, "fields": {"action_time": "2025-05-12T18:50:59.125Z", "user": 1, "content_type": 7, "object_id": "4", "object_repr": "UserProfile object (4)", "action_flag": 3, "change_message": ""}}, {"model": "admin.logentry", "pk": 11, "fields": {"action_time": "2025-05-12T18:51:07.322Z", "user": 1, "content_type": 7, "object_id": "5", "object_repr": "UserProfile object (5)", "action_flag": 1, "change_message": "[{\"added\": {}}]"}}, {"model": "admin.logentry", "pk": 12, "fields": {"action_time": "2025-05-12T18:51:50.431Z", "user": 1, "content_type": 7, "object_id": "5", "object_repr": "UserProfile object (5)", "action_flag": 2, "change_message": "[{\"changed\": {\"fields\": [\"Avatar\"]}}]"}}, {"model": "admin.logentry", "pk": 13, "fields": {"action_time": "2025-05-12T19:05:08.800Z", "user": 1, "content_type": 7, "object_id": "5", "object_repr": "UserProfile object (5)", "action_flag": 3, "change_message": ""}}, {"model": "admin.logentry", "pk": 14, "fields": {"action_time": "2025-05-12T19:05:17.210Z", "user": 1, "content_type": 7, "object_id": "6", "object_repr": "UserProfile object (6)", "action_flag": 1, "change_message": "[{\"added\": {}}]"}}, {"model": "admin.logentry", "pk": 15, "fields": {"action_time": "2025-05-12T19:31:06.609Z", "user": 1, "content_type": 7, "object_id": "6", "object_repr": "UserProfile object (6)", "action_flag": 3, "change_message": ""}}, {"model": "admin.logentry", "pk": 16, "fields": {"action_time": "2025-05-12T19:31:15.960Z", "user": 1, "content_type": 7, "object_id": "7", "object_repr": "UserProfile object (7)", "action_flag": 1, "change_message": "[{\"added\": {}}]"}}, {"model": "admin.logentry", "pk": 17, "fields": {"action_time": "2025-05-12T19:31:33.740Z", "user": 1, "content_type": 7, "object_id": "1", "object_repr": "UserProfile object (1)", "action_flag": 2, "change_message": "[{\"changed\": {\"fields\": [\"Avatar\"]}}]"}}, {"model": "admin.logentry", "pk": 18, "fields": {"action_time": "2025-05-12T19:41:12.054Z", "user": 1, "content_type": 7, "object_id": "7", "object_repr": "UserProfile object (7)", "action_flag": 2, "change_message": "[{\"changed\": {\"fields\": [\"Avatar\"]}}]"}}, {"model": "admin.logentry", "pk": 19, "fields": {"action_time": "2025-05-12T19:41:42.444Z", "user": 1, "content_type": 7, "object_id": "1", "object_repr": "UserProfile object (1)", "action_flag": 2, "change_message": "[{\"changed\": {\"fields\": [\"Avatar\"]}}]"}}, {"model": "admin.logentry", "pk": 20, "fields": {"action_time": "2025-05-12T20:03:47.162Z", "user": 1, "content_type": 7, "object_id": "1", "object_repr": "UserProfile object (1)", "action_flag": 2, "change_message": "[{\"changed\": {\"fields\": [\"Avatar\"]}}]"}}, {"model": "admin.logentry", "pk": 21, "fields": {"action_time": "2025-05-12T20:03:56.856Z", "user": 1, "content_type": 7, "object_id": "1", "object_repr": "UserProfile object (1)", "action_flag": 2, "change_message": "[{\"changed\": {\"fields\": [\"Avatar\"]}}]"}}, {"model": "admin.logentry", "pk": 22, "fields": {"action_time": "2025-05-22T17:18:01.803Z", "user": 1, "content_type": 8, "object_id": "1", "object_repr": "Cherry Tomatoes", "action_flag": 1, "change_message": "[{\"added\": {}}]"}}, {"model": "admin.logentry", "pk": 23, "fields": {"action_time": "2025-05-22T17:18:30.375Z", "user": 1, "content_type": 8, "object_id": "2", "object_repr": "Fresh Mozzarella", "action_flag": 1, "change_message": "[{\"added\": {}}]"}}, {"model": "admin.logentry", "pk": 24, "fields": {"action_time": "2025-05-22T17:21:25.958Z", "user": 1, "content_type": 8, "object_id": "3", "object_repr": "Fresh Basil Leaves", "action_flag": 1, "change_message": "[{\"added\": {}}]"}}, {"model": "admin.logentry", "pk": 25, "fields": {"action_time": "2025-05-22T17:23:03.296Z", "user": 1, "content_type": 8, "object_id": "4", "object_repr": "Olive oil", "action_flag": 1, "change_message": "[{\"added\": {}}]"}}, {"model": "admin.logentry", "pk": 26, "fields": {"action_time": "2025-05-22T17:23:34.993Z", "user": 1, "content_type": 8, "object_id": "5", "object_repr": "Baguette", "action_flag": 1, "change_message": "[{\"added\": {}}]"}}, {"model": "admin.logentry", "pk": 27, "fields": {"action_time": "2025-05-22T17:24:16.607Z", "user": 1, "content_type": 8, "object_id": "6", "object_repr": "Ripe Tomatoes", "action_flag": 1, "change_message": "[{\"added\": {}}]"}}, {"model": "admin.logentry", "pk": 28, "fields": {"action_time": "2025-05-22T17:24:59.561Z", "user": 1, "content_type": 8, "object_id": "7", "object_repr": "Garlic", "action_flag": 1, "change_message": "[{\"added\": {}}]"}}, {"model": "admin.logentry", "pk": 29, "fields": {"action_time": "2025-05-22T17:25:37.548Z", "user": 1, "content_type": 8, "object_id": "8", "object_repr": "Ripe Avocados", "action_flag": 1, "change_message": "[{\"added\": {}}]"}}, {"model": "admin.logentry", "pk": 30, "fields": {"action_time": "2025-05-22T17:26:43.615Z", "user": 1, "content_type": 8, "object_id": "1", "object_repr": "Cherry Tomatoes", "action_flag": 2, "change_message": "[{\"changed\": {\"fields\": [\"Cost per unit\"]}}]"}}, {"model": "admin.logentry", "pk": 31, "fields": {"action_time": "2025-05-22T17:26:56.382Z", "user": 1, "content_type": 8, "object_id": "2", "object_repr": "Fresh Mozzarella", "action_flag": 2, "change_message": "[{\"changed\": {\"fields\": [\"Cost per unit\"]}}]"}}, {"model": "admin.logentry", "pk": 32, "fields": {"action_time": "2025-05-22T17:27:00.592Z", "user": 1, "content_type": 8, "object_id": "3", "object_repr": "Fresh Basil Leaves", "action_flag": 2, "change_message": "[]"}}, {"model": "admin.logentry", "pk": 33, "fields": {"action_time": "2025-05-24T15:46:53.257Z", "user": 1, "content_type": 8, "object_id": "9", "object_repr": "Artichokes", "action_flag": 1, "change_message": "[{\"added\": {}}]"}}, {"model": "admin.logentry", "pk": 34, "fields": {"action_time": "2025-05-24T15:48:11.995Z", "user": 1, "content_type": 9, "object_id": "1", "object_repr": "Artichokes", "action_flag": 1, "change_message": "[{\"added\": {}}, {\"added\": {\"name\": \"menu item ingredient\", \"object\": \"1.0 of Artichokes in Artichokes\"}}, {\"added\": {\"name\": \"menu item ingredient\", \"object\": \"20.0 of Olive oil in Artichokes\"}}, {\"added\": {\"name\": \"menu item ingredient\", \"object\": \"1.0 of Garlic in Artichokes\"}}]"}}, {"model": "admin.logentry", "pk": 35, "fields": {"action_time": "2025-05-24T15:49:11.083Z", "user": 1, "content_type": 9, "object_id": "1", "object_repr": "Artichokes", "action_flag": 2, "change_message": "[]"}}, {"model": "admin.logentry", "pk": 36, "fields": {"action_time": "2025-05-24T17:06:13.739Z", "user": 1, "content_type": 11, "object_id": "1", "object_repr": "Chateau Lagrange (Red)", "action_flag": 1, "change_message": "[{\"added\": {}}]"}}, {"model": "admin.logentry", "pk": 37, "fields": {"action_time": "2025-05-24T17:06:50.330Z", "user": 1, "content_type": 11, "object_id": "2", "object_repr": "La Cuvee (Red)", "action_flag": 1, "change_message": "[{\"added\": {}}]"}}, {"model": "admin.logentry", "pk": 38, "fields": {"action_time": "2025-05-24T17:07:15.460Z", "user": 1, "content_type": 11, "object_id": "3", "object_repr": "La Vielle (Red)", "action_flag": 1, "change_message": "[{\"added\": {}}]"}}, {"model": "admin.logentry", "pk": 39, "fields": {"action_time": "2025-05-24T17:07:44.968Z", "user": 1, "content_type": 11, "object_id": "4", "object_repr": "Pinot Noir (Red)", "action_flag": 1, "change_message": "[{\"added\": {}}]"}}, {"model": "admin.logentry", "pk": 40, "fields": {"action_time": "2025-05-24T17:08:53.185Z", "user": 1, "content_type": 11, "object_id": "5", "object_repr": "Horgelus (White)", "action_flag": 1, "change_message": "[{\"added\": {}}]"}}, {"model": "admin.logentry", "pk": 41, "fields": {"action_time": "2025-05-24T17:09:41.803Z", "user": 1, "content_type": 11, "object_id": "6", "object_repr": "Pouilly Fuisse (White)", "action_flag": 1, "change_message": "[{\"added\": {}}]"}}, {"model": "admin.logentry", "pk": 42, "fields": {"action_time": "2025-05-24T17:10:12.005Z", "user": 1, "content_type": 11, "object_id": "7", "object_repr": "Sauvigno Blanc (White)", "action_flag": 1, "change_message": "[{\"added\": {}}]"}}, {"model": "admin.logentry", "pk": 43, "fields": {"action_time": "2025-05-24T17:10:37.803Z", "user": 1, "content_type": 11, "object_id": "8", "object_repr": "Bernhard (White)", "action_flag": 1, "change_message": "[{\"added\": {}}]"}}, {"model": "admin.logentry", "pk": 44, "fields": {"action_time": "2025-05-24T17:11:06.736Z", "user": 1, "content_type": 11, "object_id": "9", "object_repr": "Fleur De Ma (Rosé)", "action_flag": 1, "change_message": "[{\"added\": {}}]"}}, {"model": "admin.logentry", "pk": 45, "fields": {"action_time": "2025-05-24T17:11:52.527Z", "user": 1, "content_type": 11, "object_id": "10", "object_repr": "L`Impression (Rosé)", "action_flag": 1, "change_message": "[{\"added\": {}}]"}}, {"model": "admin.logentry", "pk": 46, "fields": {"action_time": "2025-05-24T17:12:25.113Z", "user": 1, "content_type": 11, "object_id": "11", "object_repr": "La Vielle Fernx (Rosé)", "action_flag": 1, "change_message": "[{\"added\": {}}]"}}, {"model": "admin.logentry", "pk": 47, "fields": {"action_time": "2025-05-24T17:12:51.011Z", "user": 1, "content_type": 11, "object_id": "12", "object_repr": "Maison No 9 (Rosé)", "action_flag": 1, "change_message": "[{\"added\": {}}]"}}, {"model": "admin.logentry", "pk": 48, "fields": {"action_time": "2025-05-24T17:13:26.108Z", "user": 1, "content_type": 11, "object_id": "13", "object_repr": "D`urberville (Sparkling)", "action_flag": 1, "change_message": "[{\"added\": {}}]"}}, {"model": "admin.logentry", "pk": 49, "fields": {"action_time": "2025-05-24T17:13:52.202Z", "user": 1, "content_type": 11, "object_id": "14", "object_repr": "Sparkle (Sparkling)", "action_flag": 1, "change_message": "[{\"added\": {}}]"}}, {"model": "admin.logentry", "pk": 50, "fields": {"action_time": "2025-05-24T17:15:24.588Z", "user": 1, "content_type": 8, "object_id": "10", "object_repr": "Nachos", "action_flag": 1, "change_message": "[{\"added\": {}}]"}}, {"model": "admin.logentry", "pk": 51, "fields": {"action_time": "2025-05-24T17:15:52.647Z", "user": 1, "content_type": 8, "object_id": "11", "object_repr": "Guacamole", "action_flag": 1, "change_message": "[{\"added\": {}}]"}}, {"model": "admin.logentry", "pk": 52, "fields": {"action_time": "2025-05-24T17:16:56.189Z", "user": 1, "content_type": 9, "object_id": "2", "object_repr": "Nachos Guacamole", "action_flag": 1, "change_message": "[{\"added\": {}}, {\"added\": {\"name\": \"menu item ingredient\", \"object\": \"1.0 of Nachos in Nachos Guacamole\"}}, {\"added\": {\"name\": \"menu item ingredient\", \"object\": \"100.0 of Guacamole in Nachos Guacamole\"}}, {\"added\": {\"name\": \"menu item ingredient\", \"object\": \"50.0 of Olive oil in Nachos Guacamole\"}}, {\"added\": {\"name\": \"menu item ingredient\", \"object\": \"10.0 of Garlic in Nachos Guacamole\"}}]"}}, {"model": "admin.logentry", "pk": 53, "fields": {"action_time": "2025-05-24T17:18:14.791Z", "user": 1, "content_type": 8, "object_id": "12", "object_repr": "Rib Eye", "action_flag": 1, "change_message": "[{\"added\": {}}]"}}, {"model": "admin.logentry", "pk": 54, "fields": {"action_time": "2025-05-24T17:18:49.829Z", "user": 1, "content_type": 8, "object_id": "13", "object_repr": "Salt", "action_flag": 1, "change_message": "[{\"added\": {}}]"}}, {"model": "admin.logentry", "pk": 55, "fields": {"action_time": "2025-05-24T17:19:07.332Z", "user": 1, "content_type": 8, "object_id": "14", "object_repr": "Pepper", "action_flag": 1, "change_message": "[{\"added\": {}}]"}}, {"model": "admin.logentry", "pk": 56, "fields": {"action_time": "2025-05-24T17:20:35.118Z", "user": 1, "content_type": 9, "object_id": "3", "object_repr": "Rib Eye Steak", "action_flag": 1, "change_message": "[{\"added\": {}}, {\"added\": {\"name\": \"menu item ingredient\", \"object\": \"200.0 of Rib Eye in Rib Eye Steak\"}}, {\"added\": {\"name\": \"menu item ingredient\", \"object\": \"10.0 of Salt in Rib Eye Steak\"}}, {\"added\": {\"name\": \"menu item ingredient\", \"object\": \"5.0 of Pepper in Rib Eye Steak\"}}, {\"added\": {\"name\": \"menu item ingredient\", \"object\": \"10.0 of Olive oil in Rib Eye Steak\"}}]"}}, {"model": "admin.logentry", "pk": 57, "fields": {"action_time": "2025-05-24T17:21:23.456Z", "user": 1, "content_type": 8, "object_id": "15", "object_repr": "Chicken", "action_flag": 1, "change_message": "[{\"added\": {}}]"}}, {"model": "admin.logentry", "pk": 58, "fields": {"action_time": "2025-05-24T17:21:50.097Z", "user": 1, "content_type": 8, "object_id": "16", "object_repr": "Green Peppers", "action_flag": 1, "change_message": "[{\"added\": {}}]"}}, {"model": "admin.logentry", "pk": 59, "fields": {"action_time": "2025-05-24T17:22:17.019Z", "user": 1, "content_type": 8, "object_id": "17", "object_repr": "Onions", "action_flag": 1, "change_message": "[{\"added\": {}}]"}}, {"model": "admin.logentry", "pk": 60, "fields": {"action_time": "2025-05-24T17:23:36.053Z", "user": 1, "content_type": 9, "object_id": "4", "object_repr": "Chicken Stir Fry", "action_flag": 1, "change_message": "[{\"added\": {}}, {\"added\": {\"name\": \"menu item ingredient\", \"object\": \"150.0 of Chicken in Chicken Stir Fry\"}}, {\"added\": {\"name\": \"menu item ingredient\", \"object\": \"50.0 of Green Peppers in Chicken Stir Fry\"}}, {\"added\": {\"name\": \"menu item ingredient\", \"object\": \"20.0 of Onions in Chicken Stir Fry\"}}, {\"added\": {\"name\": \"menu item ingredient\", \"object\": \"10.0 of Salt in Chicken Stir Fry\"}}, {\"added\": {\"name\": \"menu item ingredient\", \"object\": \"5.0 of Pepper in Chicken Stir Fry\"}}, {\"added\": {\"name\": \"menu item ingredient\", \"object\": \"30.0 of Olive oil in Chicken Stir Fry\"}}]"}}, {"model": "admin.logentry", "pk": 61, "fields": {"action_time": "2025-05-24T17:24:31.418Z", "user": 1, "content_type": 8, "object_id": "18", "object_repr": "Mango", "action_flag": 1, "change_message": "[{\"added\": {}}]"}}, {"model": "admin.logentry", "pk": 62, "fields": {"action_time": "2025-05-24T17:25:02.296Z", "user": 1, "content_type": 8, "object_id": "19", "object_repr": "Vanilla Pudding", "action_flag": 1, "change_message": "[{\"added\": {}}]"}}, {"model": "admin.logentry", "pk": 63, "fields": {"action_time": "2025-05-24T17:25:53.331Z", "user": 1, "content_type": 9, "object_id": "5", "object_repr": "Mango Mousse", "action_flag": 1, "change_message": "[{\"added\": {}}, {\"added\": {\"name\": \"menu item ingredient\", \"object\": \"0.5 of Mango in Mango Mousse\"}}, {\"added\": {\"name\": \"menu item ingredient\", \"object\": \"150.0 of Vanilla Pudding in Mango Mousse\"}}]"}}, {"model": "admin.logentry", "pk": 64, "fields": {"action_time": "2025-05-24T17:26:39.558Z", "user": 1, "content_type": 8, "object_id": "20", "object_repr": "Chocolate", "action_flag": 1, "change_message": "[{\"added\": {}}]"}}, {"model": "admin.logentry", "pk": 65, "fields": {"action_time": "2025-05-24T17:27:15.116Z", "user": 1, "content_type": 8, "object_id": "21", "object_repr": "Coffee Mousse", "action_flag": 1, "change_message": "[{\"added\": {}}]"}}, {"model": "admin.logentry", "pk": 66, "fields": {"action_time": "2025-05-24T17:28:18.994Z", "user": 1, "content_type": 9, "object_id": "6", "object_repr": "Coffee Custard", "action_flag": 1, "change_message": "[{\"added\": {}}, {\"added\": {\"name\": \"menu item ingredient\", \"object\": \"50.0 of Chocolate in Coffee Custard\"}}, {\"added\": {\"name\": \"menu item ingredient\", \"object\": \"150.0 of Coffee Mousse in Coffee Custard\"}}]"}}, {"model": "admin.logentry", "pk": 67, "fields": {"action_time": "2025-05-24T17:29:15.264Z", "user": 1, "content_type": 9, "object_id": "1", "object_repr": "Artichokes", "action_flag": 2, "change_message": "[{\"changed\": {\"fields\": [\"Image item\"]}}]"}}, {"model": "admin.logentry", "pk": 68, "fields": {"action_time": "2025-05-24T19:28:19.990Z", "user": 1, "content_type": 11, "object_id": "13", "object_repr": "D`urberville (Sparkling)", "action_flag": 2, "change_message": "[]"}}, {"model": "admin.logentry", "pk": 69, "fields": {"action_time": "2025-05-24T19:28:37.012Z", "user": 1, "content_type": 11, "object_id": "14", "object_repr": "Sparkle (Sparkling)", "action_flag": 2, "change_message": "[{\"changed\": {\"fields\": [\"Image item\"]}}]"}}, {"model": "admin.logentry", "pk": 70, "fields": {"action_time": "2025-08-18T18:18:24.947Z", "user": 1, "content_type": 6, "object_id": "1", "object_repr": "andonov", "action_flag": 2, "change_message": "[{\"changed\": {\"fields\": [\"First name\", \"Last name\"]}}]"}}, {"model": "auth.permission", "pk": 1, "fields": {"name": "Can add log entry", "content_type": 1, "codename": "add_logentry"}}, {"model": "auth.permission", "pk": 2, "fields": {"name": "Can change log entry", "content_type": 1, "codename": "change_logentry"}}, {"model": "auth.permission", "pk": 3, "fields": {"name": "Can delete log entry", "content_type": 1, "codename": "delete_logentry"}}, {"model": "auth.permission", "pk": 4, "fields": {"name": "Can view log entry", "content_type": 1, "codename": "view_logentry"}}, {"model": "auth.permission", "pk": 5, "fields": {"name": "Can add permission", "content_type": 2, "codename": "add_permission"}}, {"model": "auth.permission", "pk": 6, "fields": {"name": "Can change permission", "content_type": 2, "codename": "change_permission"}}, {"model": "auth.permission", "pk": 7, "fields": {"name": "Can delete permission", "content_type": 2, "codename": "delete_permission"}}, {"model": "auth.permission", "pk": 8, "fields": {"name": "Can view permission", "content_type": 2, "codename": "view_permission"}}, {"model": "auth.permission", "pk": 9, "fields": {"name": "Can add group", "content_type": 3, "codename": "add_group"}}, {"model": "auth.permission", "pk": 10, "fields": {"name": "Can change group", "content_type": 3, "codename": "change_group"}}, {"model": "auth.permission", "pk": 11, "fields": {"name": "Can delete group", "content_type": 3, "codename": "delete_group"}}, {"model": "auth.permission", "pk": 12, "fields": {"name": "Can view group", "content_type": 3, "codename": "view_group"}}, {"model": "auth.permission", "pk": 13, "fields": {"name": "Can add content type", "content_type": 4, "codename": "add_contenttype"}}, {"model": "auth.permission", "pk": 14, "fields": {"name": "Can change content type", "content_type": 4, "codename": "change_contenttype"}}, {"model": "auth.permission", "pk": 15, "fields": {"name": "Can delete content type", "content_type": 4, "codename": "delete_contenttype"}}, {"model": "auth.permission", "pk": 16, "fields": {"name": "Can view content type", "content_type": 4, "codename": "view_contenttype"}}, {"model": "auth.permission", "pk": 17, "fields": {"name": "Can add session", "content_type": 5, "codename": "add_session"}}, {"model": "auth.permission", "pk": 18, "fields": {"name": "Can change session", "content_type": 5, "codename": "change_session"}}, {"model": "auth.permission", "pk": 19, "fields": {"name": "Can delete session", "content_type": 5, "codename": "delete_session"}}, {"model": "auth.permission", "pk": 20, "fields": {"name": "Can view session", "content_type": 5, "codename": "view_session"}}, {"model": "auth.permission", "pk": 21, "fields": {"name": "Can add user", "content_type": 6, "codename": "add_user"}}, {"model": "auth.permission", "pk": 22, "fields": {"name": "Can change user", "content_type": 6, "codename": "change_user"}}, {"model": "auth.permission", "pk": 23, "fields": {"name": "Can delete user", "content_type": 6, "codename": "delete_user"}}, {"model": "auth.permission", "pk": 24, "fields": {"name": "Can view user", "content_type": 6, "codename": "view_user"}}, {"model": "auth.permission", "pk": 25, "fields": {"name": "Can add user profile", "content_type": 7, "codename": "add_userprofile"}}, {"model": "auth.permission", "pk": 26, "fields": {"name": "Can change user profile", "content_type": 7, "codename": "change_userprofile"}}, {"model": "auth.permission", "pk": 27, "fields": {"name": "Can delete user profile", "content_type": 7, "codename": "delete_userprofile"}}, {"model": "auth.permission", "pk": 28, "fields": {"name": "Can view user profile", "content_type": 7, "codename": "view_userprofile"}}, {"model": "auth.permission", "pk": 29, "fields": {"name": "Can add ingredient", "content_type": 8, "codename": "add_ingredient"}}, {"model": "auth.permission", "pk": 30, "fields": {"name": "Can change ingredient", "content_type": 8, "codename": "change_ingredient"}}, {"model": "auth.permission", "pk": 31, "fields": {"name": "Can delete ingredient", "content_type": 8, "codename": "delete_ingredient"}}, {"model": "auth.permission", "pk": 32, "fields": {"name": "Can view ingredient", "content_type": 8, "codename": "view_ingredient"}}, {"model": "auth.permission", "pk": 33, "fields": {"name": "Can add menu item", "content_type": 9, "codename": "add_menuitem"}}, {"model": "auth.permission", "pk": 34, "fields": {"name": "Can change menu item", "content_type": 9, "codename": "change_menuitem"}}, {"model": "auth.permission", "pk": 35, "fields": {"name": "Can delete menu item", "content_type": 9, "codename": "delete_menuitem"}}, {"model": "auth.permission", "pk": 36, "fields": {"name": "Can view menu item", "content_type": 9, "codename": "view_menuitem"}}, {"model": "auth.permission", "pk": 37, "fields": {"name": "Can add menu item ingredient", "content_type": 10, "codename": "add_menuitemingredient"}}, {"model": "auth.permission", "pk": 38, "fields": {"name": "Can change menu item ingredient", "content_type": 10, "codename": "change_menuitemingredient"}}, {"model": "auth.permission", "pk": 39, "fields": {"name": "Can delete menu item ingredient", "content_type": 10, "codename": "delete_menuitemingredient"}}, {"model": "auth.permission", "pk": 40, "fields": {"name": "Can view menu item ingredient", "content_type": 10, "codename": "view_menuitemingredient"}}, {"model": "auth.permission", "pk": 41, "fields": {"name": "Can add wine", "content_type": 11, "codename": "add_wine"}}, {"model": "auth.permission", "pk": 42, "fields": {"name": "Can change wine", "content_type": 11, "codename": "change_wine"}}, {"model": "auth.permission", "pk": 43, "fields": {"name": "Can delete wine", "content_type": 11, "codename": "delete_wine"}}, {"model": "auth.permission", "pk": 44, "fields": {"name": "Can view wine", "content_type": 11, "codename": "view_wine"}}, {"model": "contenttypes.contenttype", "pk": 1, "fields": {"app_label": "admin", "model": "logentry"}}, {"model": "contenttypes.contenttype", "pk": 2, "fields": {"app_label": "auth", "model": "permission"}}, {"model": "contenttypes.contenttype", "pk": 3, "fields": {"app_label": "auth", "model": "group"}}, {"model": "contenttypes.contenttype", "pk": 4, "fields": {"app_label": "contenttypes", "model": "contenttype"}}, {"model": "contenttypes.contenttype", "pk": 5, "fields": {"app_label": "sessions", "model": "session"}}, {"model": "contenttypes.contenttype", "pk": 6, "fields": {"app_label": "user", "model": "user"}}, {"model": "contenttypes.contenttype", "pk": 7, "fields": {"app_label": "userprofile", "model": "userprofile"}}, {"model": "contenttypes.contenttype", "pk": 8, "fields": {"app_label": "ingredients", "model": "ingredient"}}, {"model": "contenttypes.contenttype", "pk": 9, "fields": {"app_label": "menuItems", "model": "menuitem"}}, {"model": "contenttypes.contenttype", "pk": 10, "fields": {"app_label": "menuItemIngredients", "model": "menuitemingredient"}}, {"model": "contenttypes.contenttype", "pk": 11, "fields": {"app_label": "wineselection", "model": "wine"}}, {"model": "sessions.session", "pk": "nl39zo8gn76zrnfclldag1mspxgabp26", "fields": {"session_data": ".eJxVjMsOwiAQRf-FtSG8LODSfb-BzDAgVQNJaVfGf1eSLnR7zzn3xQLsWwl7T2tYiF2YZKffDSE-Uh2A7lBvjcdWt3VBPhR-0M7nRul5Pdy_gwK9jNpNWmC2FpKfBIizzGij1BacFYDolSdvtEFDydAXkkInpHdGZkIl2PsD5bY39w:1uEtUD:s_NCPb9__KpI_TJ6zTHjzfo74NFAX-yEBy4TWmXITuI", "expire_date": "2025-05-27T17:32:13.000Z"}}, {"model": "sessions.session", "pk": "o50ypqr48z97ckvldu1bqyyyq5l3khln", "fields": {"session_data": ".eJxVjMsOwiAQRf-FtSG8LODSfb-BzDAgVQNJaVfGf1eSLnR7zzn3xQLsWwl7T2tYiF2YZKffDSE-Uh2A7lBvjcdWt3VBPhR-0M7nRul5Pdy_gwK9jNpNWmC2FpKfBIizzGij1BacFYDolSdvtEFDydAXkkInpHdGZkIl2PsD5bY39w:1uYqFH:0WP5F7QAJJMKaAcnSHlHCaVm3JLxxyjMnf4uT8ef3xc", "expire_date": "2025-07-21T18:07:15.330Z"}}, {"model": "sessions.session", "pk": "yuq2wi06kwn5myt6h0f5u2dqn3gp682b", "fields": {"session_data": ".eJxVjMsOwiAQRf-FtSG8LODSfb-BzDAgVQNJaVfGf1eSLnR7zzn3xQLsWwl7T2tYiF2YZKffDSE-Uh2A7lBvjcdWt3VBPhR-0M7nRul5Pdy_gwK9jNpNWmC2FpKfBIizzGij1BacFYDolSdvtEFDydAXkkInpHdGZkIl2PsD5bY39w:1uo4Om:QqO83HrFT33C1Z24H2mxBbdUwQlbrek9r-bgM7qAVIc", "expire_date": "2025-09-01T18:16:00.029Z"}}, {"model": "user.user", "pk": 1, "fields": {"password": "pbkdf2_sha256$870000$o1oB6oJKsQUFI55QmBFJui$nUQ5aX07H91spgURQkNHllLjKpu2FQ5az1qkBah3CuY=", "last_login": "2025-08-18T18:16:00Z", "is_superuser": true, "username": "andonov", "first_name": "Vancho", "last_name": "Andonov", "is_staff": true, "is_active": true, "date_joined": "2025-05-11T20:37:41.125Z", "email": "andonov.vane2@gmail.com", "is_client": false, "groups": [], "user_permissions": []}}, {"model": "user.user", "pk": 2, "fields": {"password": "pbkdf2_sha256$870000$C7UhTkiOkloTmWKNk8UGnR$bJ5gFUo0AOLKGYlNMeLqGYEzaZRQO3QCr4W2xT6iV6E=", "last_login": null, "is_superuser": false, "username": "tester", "first_name": "", "last_name": "", "is_staff": false, "is_active": true, "date_joined": "2025-05-12T18:31:42.010Z", "email": "tester@email.com", "is_client": false, "groups": [], "user_permissions": []}}, {"model": "userprofile.userprofile", "pk": 1, "fields": {"user": 1, "avatar": "user_1/image1_iqqrNQk.jpeg"}}, {"model": "userprofile.userprofile", "pk": 7, "fields": {"user": 2, "avatar": "user_2/Screenshot_2025-05-11_at_22_G9VxjaA.08.32_2.png"}}, {"model": "ingredients.ingredient", "pk": 1, "fields": {"name": "Cherry Tomatoes", "stock_quantity": 2000.0, "cost_per_unit": 0.005, "unit": "g"}}, {"model": "ingredients.ingredient", "pk": 2, "fields": {"name": "Fresh Mozzarella", "stock_quantity": 1500.0, "cost_per_unit": 0.01, "unit": "g"}}, {"model": "ingredients.ingredient", "pk": 3, "fields": {"name": "Fresh Basil Leaves", "stock_quantity": 50.0, "cost_per_unit": 0.1, "unit": "pc"}}, {"model": "ingredients.ingredient", "pk": 4, "fields": {"name": "Olive oil", "stock_quantity": 20000.0, "cost_per_unit": 0.03, "unit": "g"}}, {"model": "ingredients.ingredient", "pk": 5, "fields": {"name": "Baguette", "stock_quantity": 30.0, "cost_per_unit": 2.0, "unit": "pc"}}, {"model": "ingredients.ingredient", "pk": 6, "fields": {"name": "Ripe Tomatoes", "stock_quantity": 10000.0, "cost_per_unit": 0.002, "unit": "g"}}, {"model": "ingredients.ingredient", "pk": 7, "fields": {"name": "Garlic", "stock_quantity": 1000.0, "cost_per_unit": 0.009, "unit": "g"}}, {"model": "ingredients.ingredient", "pk": 8, "fields": {"name": "Ripe Avocados", "stock_quantity": 20.0, "cost_per_unit": 1.5, "unit": "pc"}}, {"model": "ingredients.ingredient", "pk": 9, "fields": {"name": "Artichokes", "stock_quantity": 20.0, "cost_per_unit": 3.5, "unit": "pc"}}, {"model": "ingredients.ingredient", "pk": 10, "fields": {"name": "Nachos", "stock_quantity": 30.0, "cost_per_unit": 2.0, "unit": "pc"}}, {"model": "ingredients.ingredient", "pk": 11, "fields": {"name": "Guacamole", "stock_quantity": 1000.0, "cost_per_unit": 0.009, "unit": "g"}}, {"model": "ingredients.ingredient", "pk": 12, "fields": {"name": "Rib Eye", "stock_quantity": 10000.0, "cost_per_unit": 0.05, "unit": "g"}}, {"model": "ingredients.ingredient", "pk": 13, "fields": {"name": "Salt", "stock_quantity": 10000.0, "cost_per_unit": 0.0001, "unit": "g"}}, {"model": "ingredients.ingredient", "pk": 14, "fields": {"name": "Pepper", "stock_quantity": 5000.0, "cost_per_unit": 0.0001, "unit": "g"}}, {"model": "ingredients.ingredient", "pk": 15, "fields": {"name": "Chicken", "stock_quantity": 30000.0, "cost_per_unit": 0.03, "unit": "g"}}, {"model": "ingredients.ingredient", "pk": 16, "fields": {"name": "Green Peppers", "stock_quantity": 3000.0, "cost_per_unit": 0.002, "unit": "g"}}, {"model": "ingredients.ingredient", "pk": 17, "fields": {"name": "Onions", "stock_quantity": 3000.0, "cost_per_unit": 0.002, "unit": "g"}}, {"model": "ingredients.ingredient", "pk": 18, "fields": {"name": "Mango", "stock_quantity": 1000.0, "cost_per_unit": 5.0, "unit": "pc"}}, {"model": "ingredients.ingredient", "pk": 19, "fields": {"name": "Vanilla Pudding", "stock_quantity": 1000.0, "cost_per_unit": 0.003, "unit": "g"}}, {"model": "ingredients.ingredient", "pk": 20, "fields": {"name": "Chocolate", "stock_quantity": 1000.0, "cost_per_unit": 0.004, "unit": "g"}}, {"model": "ingredients.ingredient", "pk": 21, "fields": {"name": "Coffee Mousse", "stock_quantity": 800.0, "cost_per_unit": 0.003, "unit": "g"}}, {"model": "menuItems.menuitem", "pk": 1, "fields": {"name": "Artichokes", "price": 9.5, "description": "", "category": "starters", "image_item": "https://andonov-restaurant.s3.eu-north-1.amazonaws.com/Starters/Artichokes.webp"}}, {"model": "menuItems.menuitem", "pk": 2, "fields": {"name": "Nachos Guacamole", "price": 15.0, "description": "", "category": "starters", "image_item": "https://andonov-restaurant.s3.eu-north-1.amazonaws.com/Starters/Nachos-Guacamole.webp"}}, {"model": "menuItems.menuitem", "pk": 3, "fields": {"name": "Rib Eye Steak", "price": 30.0, "description": "", "category": "main_course", "image_item": "https://andonov-restaurant.s3.eu-north-1.amazonaws.com/MainCourses/steakhouse-style-rib-eye.webp"}}, {"model": "menuItems.menuitem", "pk": 4, "fields": {"name": "Chicken Stir Fry", "price": 25.0, "description": "", "category": "main_course", "image_item": "https://andonov-restaurant.s3.eu-north-1.amazonaws.com/MainCourses/chicken-thai-stir-fry.webp"}}, {"model": "menuItems.menuitem", "pk": 5, "fields": {"name": "Mango Mousse", "price": 13.0, "description": "", "category": "desserts", "image_item": "https://andonov-restaurant.s3.eu-north-1.amazonaws.com/Desserts/Mango-mousse.webp"}}, {"model": "menuItems.menuitem", "pk": 6, "fields": {"name": "Coffee Custard", "price": 13.0, "description": "", "category": "desserts", "image_item": "https://andonov-restaurant.s3.eu-north-1.amazonaws.com/Desserts/Coffee-Custard.webp"}}, {"model": "menuItemIngredients.menuitemingredient", "pk": 1, "fields": {"menu_item": 1, "ingredient": 9, "quantity": 1.0}}, {"model": "menuItemIngredients.menuitemingredient", "pk": 2, "fields": {"menu_item": 1, "ingredient": 4, "quantity": 20.0}}, {"model": "menuItemIngredients.menuitemingredient", "pk": 3, "fields": {"menu_item": 1, "ingredient": 7, "quantity": 1.0}}, {"model": "menuItemIngredients.menuitemingredient", "pk": 4, "fields": {"menu_item": 2, "ingredient": 10, "quantity": 1.0}}, {"model": "menuItemIngredients.menuitemingredient", "pk": 5, "fields": {"menu_item": 2, "ingredient": 11, "quantity": 100.0}}, {"model": "menuItemIngredients.menuitemingredient", "pk": 6, "fields": {"menu_item": 2, "ingredient": 4, "quantity": 50.0}}, {"model": "menuItemIngredients.menuitemingredient", "pk": 7, "fields": {"menu_item": 2, "ingredient": 7, "quantity": 10.0}}, {"model": "menuItemIngredients.menuitemingredient", "pk": 8, "fields": {"menu_item": 3, "ingredient": 12, "quantity": 200.0}}, {"model": "menuItemIngredients.menuitemingredient", "pk": 9, "fields": {"menu_item": 3, "ingredient": 13, "quantity": 10.0}}, {"model": "menuItemIngredients.menuitemingredient", "pk": 10, "fields": {"menu_item": 3, "ingredient": 14, "quantity": 5.0}}, {"model": "menuItemIngredients.menuitemingredient", "pk": 11, "fields": {"menu_item": 3, "ingredient": 4, "quantity": 10.0}}, {"model": "menuItemIngredients.menuitemingredient", "pk": 12, "fields": {"menu_item": 4, "ingredient": 15, "quantity": 150.0}}, {"model": "menuItemIngredients.menuitemingredient", "pk": 13, "fields": {"menu_item": 4, "ingredient": 16, "quantity": 50.0}}, {"model": "menuItemIngredients.menuitemingredient", "pk": 14, "fields": {"menu_item": 4, "ingredient": 17, "quantity": 20.0}}, {"model": "menuItemIngredients.menuitemingredient", "pk": 15, "fields": {"menu_item": 4, "ingredient": 13, "quantity": 10.0}}, {"model": "menuItemIngredients.menuitemingredient", "pk": 16, "fields": {"menu_item": 4, "ingredient": 14, "quantity": 5.0}}, {"model": "menuItemIngredients.menuitemingredient", "pk": 17, "fields": {"menu_item": 4, "ingredient": 4, "quantity": 30.0}}, {"model": "menuItemIngredients.menuitemingredient", "pk": 18, "fields": {"menu_item": 5, "ingredient": 18, "quantity": 0.5}}, {"model": "menuItemIngredients.menuitemingredient", "pk": 19, "fields": {"menu_item": 5, "ingredient": 19, "quantity": 150.0}}, {"model": "menuItemIngredients.menuitemingredient", "pk": 20, "fields": {"menu_item": 6, "ingredient": 20, "quantity": 50.0}}, {"model": "menuItemIngredients.menuitemingredient", "pk": 21, "fields": {"menu_item": 6, "ingredient": 21, "quantity": 150.0}}, {"model": "wineselection.wine", "pk": 1, "fields": {"wine_type": "red", "name": "Chateau Lagrange", "cost": 150.0, "price": 300, "description": "", "stock_of_wine": 10, "image_item": "https://andonov-restaurant.s3.eu-north-1.amazonaws.com/Wines/RedWines/ChateauLagrangeSaintJulien2017.webp"}}, {"model": "wineselection.wine", "pk": 2, "fields": {"wine_type": "red", "name": "La Cuvee", "cost": 100.0, "price": 200, "description": "", "stock_of_wine": 10, "image_item": "https://andonov-restaurant.s3.eu-north-1.amazonaws.com/Wines/RedWines/la-cuvee-de-france-semi-sweet-red.webp"}}, {"model": "wineselection.wine", "pk": 3, "fields": {"wine_type": "red", "name": "La Vielle", "cost": 140.0, "price": 280, "description": "", "stock_of_wine": 10, "image_item": "https://andonov-restaurant.s3.eu-north-1.amazonaws.com/Wines/RedWines/La-Vieille-red.webp"}}, {"model": "wineselection.wine", "pk": 4, "fields": {"wine_type": "red", "name": "Pinot Noir", "cost": 180.0, "price": 360, "description": "", "stock_of_wine": 10, "image_item": "https://andonov-restaurant.s3.eu-north-1.amazonaws.com/Wines/RedWines/louisjadotbourgognepinotnoir.webp"}}, {"model": "wineselection.wine", "pk": 5, "fields": {"wine_type": "white", "name": "Horgelus", "cost": 120.0, "price": 240, "description": "", "stock_of_wine": 10, "image_item": "https://andonov-restaurant.s3.eu-north-1.amazonaws.com/Wines/WhiteWines/DomaineHorgelus.webp"}}, {"model": "wineselection.wine", "pk": 6, "fields": {"wine_type": "white", "name": "Pouilly Fuisse", "cost": 160.0, "price": 320, "description": "", "stock_of_wine": 10, "image_item": "https://andonov-restaurant.s3.eu-north-1.amazonaws.com/Wines/WhiteWines/Jadot-Pouilly-Fuisse.webp"}}, {"model": "wineselection.wine", "pk": 7, "fields": {"wine_type": "white", "name": "Sauvigno Blanc", "cost": 120.0, "price": 240, "description": "", "stock_of_wine": 10, "image_item": "https://andonov-restaurant.s3.eu-north-1.amazonaws.com/Wines/WhiteWines/Sauvignon-Blanc.webp"}}, {"model": "wineselection.wine", "pk": 8, "fields": {"wine_type": "white", "name": "Bernhard", "cost": 130.0, "price": 260, "description": "", "stock_of_wine": 10, "image_item": "https://andonov-restaurant.s3.eu-north-1.amazonaws.com/Wines/WhiteWines/Sernhard.webp"}}, {"model": "wineselection.wine", "pk": 9, "fields": {"wine_type": "rose", "name": "Fleur De Ma", "cost": 130.0, "price": 260, "description": "", "stock_of_wine": 10, "image_item": "https://andonov-restaurant.s3.eu-north-1.amazonaws.com/Wines/RoseWines/Fleur-De-Ma.webp"}}, {"model": "wineselection.wine", "pk": 10, "fields": {"wine_type": "rose", "name": "L`Impression", "cost": 140.0, "price": 280, "description": "", "stock_of_wine": 10, "image_item": "https://andonov-restaurant.s3.eu-north-1.amazonaws.com/Wines/RoseWines/L-Impression.webp"}}, {"model": "wineselection.wine", "pk": 11, "fields": {"wine_type": "rose", "name": "La Vielle Fernx", "cost": 130.0, "price": 260, "description": "", "stock_of_wine": 10, "image_item": "https://andonov-restaurant.s3.eu-north-1.amazonaws.com/Wines/RoseWines/La-Vielle-Fernx.webp"}}, {"model": "wineselection.wine", "pk": 12, "fields": {"wine_type": "rose", "name": "Maison No 9", "cost": 180.0, "price": 360, "description": "", "stock_of_wine": 10, "image_item": "https://andonov-restaurant.s3.eu-north-1.amazonaws.com/Wines/RoseWines/Maison-No9.webp"}}, {"model": "wineselection.wine", "pk": 13, "fields": {"wine_type": "sparkling", "name": "D`urberville", "cost": 150.0, "price": 300, "description": "", "stock_of_wine": 10, "image_item": "https://andonov-restaurant.s3.eu-north-1.amazonaws.com/Wines/SparklingWines/durberville.webp"}}, {"model": "wineselection.wine", "pk": 14, "fields": {"wine_type": "sparkling", "name": "Sparkle", "cost": 120.0, "price": 240, "description": "", "stock_of_wine": 10, "image_item": "https://andonov-restaurant.s3.eu-north-1.amazonaws.com/Wines/SparklingWines/durberville.webp"}}]